avg_norm_adj,avg_norm_g,avg_norm_grads_f,avg_norm_k,avg_norm_k_dot_g,entropy,explained_variance,fps,loss,loss_bc,loss_f,loss_policy,loss_q,mean_episode_length,mean_episode_reward,norm_grads,norm_grads_policy,norm_grads_q,total_timesteps
0.7950819730758667,21.756824493408203,21.342632293701172,3.872925281524658,21.766267776489258,2.7080206871032715,-0.048705220222473145,0,0.5090798139572144,-0.0,-0.5876885652542114,-0.5876885652542114,2.247697114944458,0,0,1.850706934928894,0.8521268367767334,1.640823245048523,0
0.515162467956543,17.31136703491211,17.039146423339844,3.873330593109131,17.323467254638672,2.707986831665039,-0.09340023994445801,1121,0.773678183555603,-0.0,0.11640411615371704,0.11640411615371704,1.3687078952789307,78.975,-1.0693521201610565,2.1475977897644043,0.9082015752792358,1.9441313743591309,16000
0.45323070883750916,12.537757873535156,12.29637336730957,3.873234510421753,12.506425857543945,2.7079825401306152,-0.11862766742706299,1110,-0.12052056193351746,-0.0,-0.43567267060279846,-0.43567267060279846,0.6844638586044312,79.825,-0.9029876634478569,1.2858023643493652,0.5157235264778137,1.1780346632003784,32000
0.26922863721847534,8.78759765625,8.642338752746582,3.873368740081787,8.776337623596191,2.7079601287841797,-0.059593915939331055,1132,0.06786294281482697,-0.0,-0.08914100378751755,-0.08914100378751755,0.36816710233688354,79.025,-1.1009723260998725,0.6984860897064209,0.4273154139518738,0.5521968007087708,48000
