,test_results,train_iters
0,14.74416461666667,5.0
1,20.654097366666665,10.0
2,22.038555533333337,15.0
3,24.41448973333333,20.0
4,22.191721193333333,25.0
