,test_results,train_iters
0,14.74416462,10
1,20.65409737,20
2,22.03855553,30
3,24.41448973,40
4,22.19172119,50
